,area,bbox_area,convex_area,eccentricity,equivalent_diameter,extent,filled_area,major_axis_length,minor_axis_length,orientation,perimeter,solidity,shannon_entropy,num_subregions,proportion_occupied,subregion_mean_area,subregion_std_area,blue_color_std,blue_color_median,blue_color_mean,blue_color_shannon_entropy,red_color_std,red_color_median,red_color_mean,red_color_shannon_entropy,green_color_std,green_color_median,green_color_mean,green_color_shannon_entropy,ratio_r_b,ratio_r_g,ratio_b_g
20180120-PhaeoEx-Cont-1-T0_000005_0002.tif,2298,4182,2310,0.8488887620720921,54.09163034889413,0.9948051948051948,2298,76.06857821273283,40.207685296197326,-1.5625302074264156,199.65685424949237,0.9948051948051948,12.748095418450504,9.0,0.07789382071366406,124.0,0.0,10.795728640751967,255.0,249.71281884364595,11.16226503512974,8.427064982941202,255.0,249.93680413154095,11.163250379484023,8.420697812655067,255.0,251.33206826590285,11.16389633638821,1.000896971524859,0.9944485232466008,0.9935573306127263
20180120-PhaeoEx-Cont-1-T0_000013_0002.tif,198806,335160,230465,0.8326358871138858,503.11793938461267,0.6327310687676438,198806,690.0220835313823,382.14858292792337,1.344587357935746,2551.6206332605316,0.8626299004187187,19.160638339505283,2583.0,0.14843113386919912,211.5,592.4607581941609,7.996226898224834,210.0,202.8193274941162,17.56400836066865,6.1157657750907495,212.0,208.4001482061996,17.582210058576443,6.0898113145404285,215.0,210.35579183878002,17.58105314462562,1.027516217418901,0.9907031624112387,0.9641727747128547
20180120-PhaeoEx-Cont-1-T0_000010_0011.tif,1771,4048,1935,0.9438352397652144,47.485863514586875,0.8322368421052632,1771,84.13726971236314,27.800339212006538,0.13409958822702012,202.90559159102156,0.9152454780361757,12.336008166217383,5.0,0.2761151891586674,115.5,51.119956963988145,25.47801777854796,255.0,230.7081135011484,10.755387069065167,27.768363209733312,255.0,227.41762449168345,10.744095541047884,26.70057895464106,255.0,231.54947922765433,10.753687265766702,0.9857374369738038,0.9821556293291918,0.9963663674420157
20180120-PhaeoEx-Cont-1-T0_000005_0015.tif,8108,14824,10920,0.6807193445042543,101.60426284714977,0.7265232974910394,8108,141.2701872484302,103.48667260364108,1.3684607124475374,640.7117241391813,0.7424908424908425,14.547078255556466,38.0,0.1702022693635915,162.33333333333334,119.98703633680135,12.950632107943067,205.0,192.22877005094395,12.953705091592763,9.408191876803848,186.0,178.7101907009339,12.967685242287198,10.169173359918323,191.0,183.13325665802688,12.967484194710943,0.9296745261053931,0.9758478277631879,1.049666093198471
20180120-PhaeoEx-Cont-1-T0_000004_0006.tif,1533,3243,1559,0.8115086402084823,44.1800432557394,0.9330493000608643,1533,58.9544728831653,34.449481466675174,1.4489314085066334,158.72792206135787,0.9833226427196922,12.136272396422418,10.0,0.2354859752120026,149.0,96.0,10.469724345604359,198.0,186.48684148244155,10.556456930059888,12.180260419802554,185.0,170.26873770292107,10.54549789378938,10.852791479822294,194.0,181.12346828977107,10.554522588567524,0.913033522094118,0.9400699937487724,1.0296116966139908
20180120-PhaeoEx-Cont-1-T0_000003_0000.tif,73553,158906,134962,0.9667362469465732,306.02383605514365,0.5089398153914283,73553,767.2393015926885,196.24089965681335,-1.557070896287478,2316.6885630108172,0.5449904417539752,17.667836611428008,125.0,0.4406346444060745,2607.8333333333335,8261.115762346446,15.695722348911374,227.0,207.87949032819657,16.100426672598104,12.821963780262704,201.0,187.17525452318137,16.083559245315108,13.3584281044905,207.0,190.9234404499044,16.068855522100822,0.9004027007554823,0.9803681207614394,1.0888107287315576
20180120-PhaeoEx-Cont-1-T0_000006_0000.tif,174360,264461,196020,0.7509269976907368,471.1709318496027,0.7027556436888626,174360,591.2884208564269,390.4781362834757,-0.46321519594954985,2193.5119395016804,0.8895010713192532,18.96896067831235,824.0,0.22765542555632026,219.1315789473684,353.19166341808415,8.35488563259576,227.0,212.37353972642504,17.377288210758255,6.867576632605964,216.0,208.98882066396274,17.388510918356754,6.919635616636302,221.0,213.2914868713254,17.386400347462686,0.9840624257295781,0.9798272951702083,0.9956962785605498
20180120-PhaeoEx-Cont-1-T0_000011_0004.tif,136746,191496,161569,0.6635758835603357,417.2654008953469,0.7814593000662903,136746,498.6831519875876,373.06934444341556,1.1082503551284604,2402.1261171703036,0.8463628542604089,18.60422214265195,317.0,0.1511561581325962,133.83211678832117,84.89801261015621,8.085905582928966,213.0,204.57407955366816,17.025396827638755,7.910898864743026,196.0,187.8452378313113,17.018051847644962,8.646101620490429,207.0,197.6409285676668,17.01666759883662,0.918225995400516,0.9504369322318695,1.0350795305215723
20180120-PhaeoEx-Cont-1-T0_000012_0006.tif,249175,349590,300409,0.41833460869546424,563.2579014620071,0.7531267568172064,249175,610.150227661434,554.1951744586305,-0.2525443416335768,3470.645019878171,0.8294525130738427,19.45427978338209,498.0,0.22260258854218923,227.2948717948718,282.3420869729938,8.532523740121182,217.5,204.30434978385597,17.87890584137066,7.886197873181037,200.0,186.55810909312058,17.865589135609564,7.880468262242855,209.0,194.33271629131593,17.865717912157073,0.9131382140932875,0.959993317921102,1.0513121706053445
20180120-PhaeoEx-Cont-1-T0_000002_0001.tif,1685,3276,1687,0.6433515069352994,46.318556031883695,0.9958628841607565,1685,54.07124369671719,41.39537195810873,-1.549705984762638,160.2426406871193,0.998814463544754,12.204772694755333,2.0,0.5086053412462908,428.5,316.5,9.728481626096762,241.0,200.9367039186188,10.643982875649495,10.399086652565188,227.0,185.26862597607274,10.608856172531171,8.46729448183352,232.5,191.16807764405283,10.607485301130044,0.9220248086238552,0.9691399749336569,1.051099673098951
20180120-PhaeoEx-Cont-1-T0_000012_0003.tif,3238,7314,3875,0.9872841354120256,64.20864152006688,0.7547785547785548,3238,170.4469132567832,27.09518188455759,1.5467897706740035,341.698484809835,0.8356129032258065,13.143865329768392,2.0,0.3983940704138357,1289.0,0.0,27.18343444652216,244.0,209.96854510703506,11.552636261164961,20.97834558908941,222.5,194.75101085885254,11.57354268535151,24.002229060758484,227.75,197.6836855342573,11.553454553992637,0.9275246954708138,0.9851648118180367,1.062144023365291
20180120-PhaeoEx-Cont-1-T0_000005_0001.tif,2599,5376,3043,0.9040366665882567,57.52520818533982,0.8121875,2599,91.93712780569015,39.298977270500956,-1.45284377377005,254.60407640085654,0.8540913572132763,12.914913217047769,14.0,0.0804155444401693,77.0,0.0,14.301816613023156,224.0,217.1706603683477,11.328359320787422,10.201775679986477,203.0,197.1381576088432,11.333805499708033,11.273630421479583,205.5,199.68975582596147,11.331943091857266,0.9077568640002891,0.9872221877053017,1.087540317078767
20180120-PhaeoEx-Cont-1-T0_000002_0003.tif,6491,10260,7220,0.6329533994069143,90.9098338183276,0.8930930104567969,6491,107.61715772935497,83.31611608849865,-0.12578475070608017,358.5685424949238,0.8990304709141275,14.185922132426178,8.0,0.30072407949468494,244.0,205.71278521278157,15.439633387607167,220.0,198.9946871339403,12.610776005977101,14.800502310517052,204.0,181.01912831577022,12.600899432477863,16.498240591293666,214.25,189.5589373105859,12.594006773155682,0.909668147039167,0.9549490563938777,1.0497773935496075
20180120-PhaeoEx-Cont-1-T0_000009_0004.tif,5595,8928,6077,0.47775365290158617,84.40245999254545,0.9082792207792207,5595,94.20004130606554,82.75415709927637,-0.39464382483813315,335.88225099390854,0.920684548296857,13.879659439810043,6.0,0.5540661304736372,3082.0,0.0,14.344086231181517,158.75,139.08085233021677,12.204426418296276,12.671482226779576,159.25,147.33919526702635,12.341582031245508,12.523216322564037,156.0,148.0407249704477,12.334467504041356,1.059378000626585,0.9952612383953038,0.939476974041977
20180120-PhaeoEx-Cont-1-T0_000014_0012.tif,4210,7310,4386,0.38116669988593055,73.21433249941596,0.8716356107660456,4210,78.13212888000244,72.2336474169612,1.292843620793226,263.49747468305833,0.9598723210214318,13.42472913854186,9.0,0.44038004750593823,1843.0,0.0,23.02340432366692,232.0,182.4811144377084,11.834817190516578,22.70752654937187,223.0,177.0345154965269,11.849528620972794,23.90516541924287,235.0,184.0389533438325,11.83582974923019,0.9701525335486662,0.9619404603208132,0.9915352762128915
20180120-PhaeoEx-Cont-1-T0_000005_0000.tif,4606,11036,5451,0.8852349242454595,76.58029343799983,0.5842212075088787,4606,125.6023093167699,58.42318596916864,-0.442525333468442,383.6223663640862,0.8449825720051367,13.72826044623061,13.0,0.1556665219279201,148.25,148.27740050324593,11.712444983392711,236.5,224.35571781165524,12.146516568116487,10.468104622362596,214.0,201.72651586902623,12.144855873876908,10.809223722082693,218.0,205.93320506671137,12.143039587073643,0.8991369501818267,0.9795725551092045,1.089458680250113
20180120-PhaeoEx-Cont-1-T0_000014_0007.tif,1812,3648,1840,0.8564876516511764,48.03238548167387,0.94375,1812,68.15057147711316,35.17711106098922,1.49158701864522,177.55634918610406,0.9847826086956522,12.381833438640061,8.0,0.29635761589403975,165.66666666666666,39.177658032211276,12.970882092577556,206.75,187.0126514710124,10.77595422169003,7.149020969337085,196.75,186.19029146242661,10.80708550521677,6.550059437470294,202.5,192.63413932046615,10.80777803414972,0.9956026503976216,0.9665487754103672,0.97081780068017
20180120-PhaeoEx-Cont-1-T0_000012_0002.tif,1587,3283,1600,0.772999440730023,44.951431095068635,0.9429590017825312,1587,57.45878436855527,36.45223794148,-1.4443619712190128,158.97056274847714,0.991875,12.197389163590055,10.0,0.21739130434782608,79.33333333333333,22.17105219775452,7.630543527281378,203.0,193.60796482684404,10.61613352085376,8.903686929247863,186.0,175.01753137180458,10.610423771112558,9.156988990444383,197.0,186.21368726614597,10.614071092693145,0.9039789841721333,0.939874688812003,1.0397085610045935
20180120-PhaeoEx-Cont-1-T0_000002_0006.tif,7418,31536,10735,0.9803793151075019,97.18482876892585,0.2853076923076923,7418,245.6369149574591,48.42001354319941,-0.5690536767523605,561.955410846827,0.6910107126222637,14.363198959164915,4.0,0.3665408465893772,2699.0,0.0,13.17048635647271,228.0,199.03650730317725,12.778600572104114,12.405667302977,216.25,189.8804427550324,12.779460385937385,12.91232853012227,226.0,197.2059876638774,12.777607464384968,0.9539980646153616,0.9628533342439336,1.009282272110418
20180120-PhaeoEx-Cont-1-T0_000007_0000.tif,368260,516604,456455,0.7193051119577666,684.7504616604293,0.7458581439624093,368260,852.8344825965913,592.4592449777048,-1.3647130441314619,4967.107140124046,0.8067827058527127,20.0370817711322,559.0,0.1507304621734644,165.29813664596273,134.76678013362127,8.372552466085958,248.0,227.91588853731128,18.45776116206892,7.398196288917884,237.0,218.75018633708834,18.44894877673641,8.09274309210232,246.0,223.60715162657263,18.450064345043373,0.9597847159360176,0.9782790252719846,1.0192692267639736
20180120-PhaeoEx-Cont-1-T0_000009_0002.tif,3178,7530,3290,0.9983543849716842,63.61096818291911,0.9659574468085106,3178,275.0292428200147,15.771726942990632,-1.569993882256636,498.14213562373095,0.9659574468085106,13.186761859223838,2.0,0.2791063561988672,886.0,0.0,20.680518559341373,232.5,219.87159472814892,11.607069843246656,14.05662588353002,208.5,192.41910325494806,11.60391496074115,16.72655775698724,219.0,200.58341916774572,11.60122159179679,0.875143073814772,0.9592971545371358,1.096160368790367
20180120-PhaeoEx-Cont-1-T0_000005_0008.tif,4304,6900,4484,0.6214071989213505,74.02717744545,0.9598572702943801,4304,86.20120289202004,67.53758863167222,1.4810705129092838,279.3553390593274,0.9598572702943801,13.628016553184022,8.0,0.2300185873605948,235.0,189.2471928457593,15.453357072081603,225.0,207.72026085718537,12.034646331914228,13.055789216364834,211.0,198.0612240214245,12.046587112935823,11.77336240020256,219.0,206.29945100335874,12.049033809680369,0.9534997847783284,0.9600666558157728,1.0068871237752517
20180120-PhaeoEx-Cont-1-T0_000009_0008.tif,1402,2948,1406,0.8376065694100158,42.25022889545923,0.9817927170868347,1402,58.24974955149848,31.82032111696419,1.5367961405112953,151.6568542494924,0.9971550497866287,11.669856651703384,1.0,0.7567760342368046,1061.0,0.0,26.433449925451406,90.5,122.07371184932153,10.070324101238654,22.905451460411175,94.5,121.63423211188275,10.11009154530994,24.123713298846496,90.5,124.00120011242974,10.074716309770373,0.9963998822450715,0.980911733125156,0.9844558902546057
20180120-PhaeoEx-Cont-1-T0_000005_0004.tif,201149,292197,227499,0.6490420667830789,506.073968095508,0.7310760664532003,201149,600.8727301244833,457.11544319111346,-0.831868586383553,2798.217566986452,0.88417531505633,19.182679732135306,496.0,0.16218325718745805,194.55333333333334,169.4494039201345,9.070801293286337,245.0,227.7704644862812,17.58791948932909,6.348093144305901,235.0,227.5486308894244,17.602552871891213,6.890551478799584,243.0,231.96826372924525,17.602755002681548,0.9990260651337866,0.9809472521423039,0.981903562256845
20180120-PhaeoEx-Cont-1-T0_000009_0011.tif,31669,104300,75003,0.982162381922586,200.80394204850128,0.34778168240720403,31669,707.8146065418244,133.09372062023667,-0.020313229336389984,1964.3727624707797,0.4222364438755783,16.439597795389293,57.0,0.39593924658183083,3070.25,5128.08835605433,14.939800047176606,146.0,139.1184491773616,14.838668944777517,13.270928028250328,157.25,136.3595802450615,14.864435484107803,13.841295775460075,163.0,143.6471794679629,14.862208342056988,0.9801689211703126,0.9492673698857642,0.9684732390334798
20180120-PhaeoEx-Cont-1-T0_000010_0003.tif,6066,14224,9362,0.6945906247340441,87.88328099452988,0.5692567567567568,6066,125.55646749281073,90.32597754910748,-0.679813900613561,501.19090885901,0.6479384746848964,14.132499847310374,21.0,0.08770194526871085,100.66666666666667,10.96458946893235,14.934387817039646,218.0,208.55354602303265,12.54549838691431,13.757305500921616,203.0,195.34057191435411,12.548962200326825,14.586550898145564,216.0,208.0019632501111,12.550099537222488,0.936644692163521,0.9391285008183681,1.0026518152247357
20180120-PhaeoEx-Cont-1-T0_000006_0003.tif,12416,21780,14053,0.8604292301303973,125.73202530553534,0.7210220673635308,12416,184.6508047780302,94.09250244424929,1.2598854977635119,600.6761902332486,0.8835124172774497,15.135398237203793,19.0,0.22221327319587628,171.5625,74.87320010357512,14.362355732772302,255.0,232.84590089467602,13.557398607669475,14.391278972518059,255.0,227.95717796520773,13.545139884823772,14.340900312449104,255.0,230.13348271739116,13.548801346624185,0.9790044707221209,0.990543293715952,1.011786282227414
20180120-PhaeoEx-Cont-1-T0_000011_0010.tif,162497,218144,182697,0.691841825165044,454.8599853810288,0.7993752459661551,162497,552.7020847525897,399.0780375596409,-0.06476877787554841,2650.571860025253,0.8894344187370345,18.877406940556764,446.0,0.0964756272423491,92.03921568627452,40.88887896377527,6.029773620665565,229.0,220.8466595784473,17.295199002374694,5.887825172362438,214.0,206.03930644791592,17.291885584403516,6.30915954313163,226.0,217.5070394038654,17.292024611323974,0.9329518809168511,0.9472764974072573,1.0153540785794104
20180120-PhaeoEx-Cont-1-T0_000010_0007.tif,8637,16905,10748,0.8666964505817106,104.86643861540068,0.665972704140643,8637,161.2148755403074,80.41976873258423,1.08575115142797,547.0193359837562,0.8035913658355043,14.488241987420615,9.0,0.40303346069237006,1737.0,566.0,18.294842652834962,193.5,151.62390675973046,12.861495124748718,12.92449593196308,178.0,145.33862037317678,12.935647228111732,14.708406863338444,186.0,149.52777567237013,12.915111606533682,0.9585468642717826,0.9719840994065732,1.0140183392545954
20180120-PhaeoEx-Cont-1-T0_000014_0005.tif,4854,13410,5787,0.9975415983392257,78.6149142983981,0.5935436537050623,4854,321.16439720485215,22.50617709029566,-1.520058415664892,608.9533188057741,0.8387765681700363,13.796776677278286,1.0,0.21322620519159455,1035.0,0.0,20.939205436815335,255.0,232.5405491851753,12.206082095109153,16.01257789604424,245.0,230.41972298612797,12.219130246172394,19.662586067124487,248.0,231.33646774227333,12.210564717069639,0.9908797575026002,0.9960371801078648,1.0052048924869184
20180120-PhaeoEx-Cont-1-T0_000013_0001.tif,1368,3640,1368,0.9944826632993278,41.73477802981229,1.0,1368,131.63079680176165,13.808210118138696,-1.5707963267948966,248.0,1.0,11.87927566121942,1.0,0.7280701754385965,996.0,0.0,19.870967834537797,155.0,171.1893274853801,10.283455342889196,13.035707675813809,135.0,152.65570175438594,10.321637276074526,13.260160356650307,140.0,160.71125730994152,10.284715002348063,0.8917360912433226,0.9498755986954919,1.0651981096459906
20180120-PhaeoEx-Cont-1-T0_000002_0007.tif,8735,16791,10596,0.9447158363232769,105.45969572903975,0.695074401209517,8735,191.53812685251563,62.803476282145844,-1.3360993379054176,509.3797256769669,0.8243676859192148,14.64254547089481,15.0,0.3899255867200916,781.25,691.9036692343813,5.599523378636787,204.0,192.68067903258026,13.068206354616278,3.988399604239702,173.0,162.19862924601313,13.059014459204077,4.649906580034528,184.0,168.41197487248016,13.056453427200315,0.8418001745706276,0.9631062718006145,1.1441031979969127
20180120-PhaeoEx-Cont-1-T0_000009_0012.tif,4712,155025,6960,0.8925641127143069,77.45646993500341,0.5643789675410229,4712,135.16003556775993,60.94643192342343,-0.02873644041411924,444.0315292925759,0.6770114942528735,13.760361710217001,15.0,0.02037351443123939,66.0,0.0,15.758277684083646,250.0,223.79819795217853,12.166507320826904,15.161475599394262,250.0,231.2262849798467,12.181804048879654,17.325440960182423,253.5,232.84270426083603,12.178184692327866,1.0331910046445298,0.9930578916521319,0.96115615330371
20180120-PhaeoEx-Cont-1-T0_000014_0000.tif,29892,57888,35470,0.8469793602919489,195.08889376697866,0.5930952380952381,29892,281.34454047845014,149.57000900212503,0.9442270234926646,909.1869042456532,0.8427403439526361,16.40840776213706,118.0,0.1869731031714171,311.6666666666667,362.580504470693,14.543779254680198,223.0,207.69169156011077,14.82849640024148,14.740944520028572,201.0,186.73866228436856,14.825271831789186,14.958532805920584,206.75,191.04291326116464,14.820807193401839,0.8991147449455005,0.9774697166028243,1.0871467986681425
20180120-PhaeoEx-Cont-1-T0_000010_0006.tif,107858,152905,116520,0.8915012559970746,370.57937181668,0.7721295162825992,107858,568.0544977520246,257.3390392551199,-0.009788904419745786,1738.9158723275375,0.925660830758668,18.28219927163238,388.0,0.11007064844517792,101.01470588235294,83.60032589421752,7.269319992701833,197.0,188.56902110997086,16.69558105695881,6.725309277234927,181.0,174.77890580702547,16.69934114687381,7.199711426743887,190.0,183.30373134693488,16.698917763716853,0.9268696670228607,0.9534934424014825,1.028724400340059
20180120-PhaeoEx-Cont-1-T0_000011_0007.tif,44904,72352,50544,0.9662933140283761,239.1099088636599,0.7268842268842269,44904,498.20374975195375,128.259390172394,0.017054373817541976,1400.0742058734452,0.8884140550807218,16.982325786519404,78.0,0.2561464457509353,211.15384615384616,238.58697693321437,15.3775326018966,191.5,173.6551375846508,15.400550436245123,14.364588998101873,174.0,157.49622561007087,15.396856413481446,15.142885637687526,182.0,165.11347730145533,15.398048030763135,0.9069482642475636,0.9538665660981914,1.0517320598099968
20180120-PhaeoEx-Cont-1-T0_000010_0010.tif,4506,8897,4899,0.9927059120934512,75.74442150136632,0.8967164179104478,4506,225.64122196211002,27.203547619232438,0.01757141798548975,459.25483399593907,0.9197795468462951,13.699336735271876,14.0,0.29094540612516645,188.33333333333334,163.23262201192776,11.1130608896859,185.0,175.2826252857007,12.117810732497624,11.984287357922902,168.0,156.6517821927739,12.112544940958488,11.261269024585879,176.0,166.4224413710343,12.117064231154522,0.8937096984794723,0.9412900141485308,1.0532391175232965
20180120-PhaeoEx-Cont-1-T0_000005_0009.tif,2254,4212,2356,0.8081144508989855,53.571279001280686,0.9567062818336163,2254,71.89504983144212,42.34801734481133,-1.513448350678013,206.04163056034264,0.9567062818336163,12.689117106504236,5.0,0.2706299911268855,187.66666666666666,183.39271765500638,14.739744322361634,216.5,196.2229328814265,11.088648503303293,10.93900669131183,202.0,189.17755331702375,11.11215373011426,11.377571515822725,212.0,196.58992087083197,11.11261716510757,0.9640950246694145,0.9622952818691124,0.9981332309012596
20180120-PhaeoEx-Cont-1-T0_000004_0005.tif,2972,5200,3132,0.6913107357397041,61.51477811837497,0.9477040816326531,2972,74.89823723797112,54.11828957542927,1.4879637366012306,230.8700576850888,0.9489144316730523,12.852322450101523,6.0,0.43405114401076716,635.5,212.5,36.53158290430122,234.5,173.61790657735028,11.243238244369651,30.70231723833114,223.5,165.11207784081827,11.293323180026196,34.600968477934565,234.0,171.35489733880058,11.267840846060182,0.951008344103363,0.9635678956660393,1.0132065629503153
20180120-PhaeoEx-Cont-1-T0_000001_0003.tif,3808,8976,4028,0.9851262306850416,69.63114379608811,0.695906432748538,3808,177.61000049824995,30.519119535672466,0.07668353807600853,388.0832611206852,0.945382323733863,13.393370216468554,7.0,0.39784663865546216,1497.0,0.0,14.434067093780568,149.0,143.27533185136608,11.792295028391482,13.50753489808533,154.0,147.047062798767,11.816869765947088,14.641606913068681,160.0,150.12272532269918,11.816310097983266,1.0263250546947866,0.9795123455338235,0.9543880284839343
20180120-PhaeoEx-Cont-1-T0_000001_0007.tif,25472,43921,29759,0.8814984591885485,180.08874946396307,0.6829503713435396,25472,268.47133586122476,126.76864722689247,-0.39571480470877446,884.0731598529186,0.8559427400114251,16.08816016599877,47.0,0.5156642587939698,1598.625,3911.394186779824,10.041047844059348,156.0,146.1999165174854,14.501539327270525,7.199335999574212,137.5,130.30822227978254,14.510954231393159,8.017763084852119,148.5,136.2533159648434,14.502249039984717,0.891301618932168,0.95636734678373,1.0730007962170143
20180120-PhaeoEx-Cont-1-T0_000004_0003.tif,2758,5103,2810,0.7125356565566461,59.25870960778322,0.9027823240589198,2758,71.85742189593185,50.41774698433459,-1.4697814113049286,207.94112549695427,0.9814946619217082,12.95144756972621,7.0,0.3944887599709935,358.0,27.94041278626117,16.60048864120422,222.0,201.86382444432596,11.378686868705435,18.948799272659862,189.0,175.34836220381345,11.36631639591596,19.883788895636158,203.0,179.91184372016423,11.362197438952153,0.8686467854579587,0.9746349021721503,1.1220152062823943
20180120-PhaeoEx-Cont-1-T0_000009_0009.tif,1660,3360,1661,0.9138567317329436,45.97366250648702,0.9975961538461539,1660,73.73353027177113,29.93852585910643,-1.5675915387819368,174.82842712474618,0.9993979530403372,12.0692252998295,1.0,0.6644578313253012,1103.0,0.0,12.863361447875203,135.0,150.59033266653657,10.434204580361238,9.90051601571391,145.25,160.28236231835106,10.52123967691673,10.997126607961201,154.0,160.0553042557397,10.496102667961027,1.0643602380059567,1.0014186225421717,0.9408643678932389
20180120-PhaeoEx-Cont-1-T0_000014_0014.tif,2667,6417,3247,0.8803653759580868,58.27289134587951,0.6535162950257289,2667,90.1936775678049,42.778510878439405,1.0284715327148115,250.8111831820431,0.8213735756082537,12.956862953495603,11.0,0.19910011248593926,108.25,63.92329387633275,13.408001084339302,255.0,238.82900366866969,11.367235976695243,10.20810038362566,254.0,242.35531038207685,11.373313734655289,9.891821966666148,255.0,244.72265031596856,11.375245886563803,1.0147649852373009,0.990326437169444,0.9759170365322155
20180120-PhaeoEx-Cont-1-T0_000007_0001.tif,3501,6536,3670,0.646742486620428,66.76534764470117,0.8335714285714285,3501,77.40770634794613,59.039510523964154,-0.9737151208088549,239.49747468305833,0.9539509536784742,13.292313699483916,6.0,0.29191659525849756,497.0,389.0,20.637644519824935,255.0,223.70667015376753,11.71678561859717,18.31574378798322,255.0,217.19090819930585,11.703953146608656,19.913611104747094,255.0,219.48749436505477,11.701432150798873,0.9708736357749951,0.9895365967323441,1.019222852768529
20180120-PhaeoEx-Cont-1-T0_000015_0004.tif,3745,8372,4464,0.9830954130741225,69.05274864212998,0.7174329501915708,3745,170.98865932205462,31.30699570188737,-1.4953552408220572,364.9533188057741,0.8389336917562724,13.37249395930199,5.0,0.3388518024032043,1265.0,0.0,24.428917914171883,199.0,176.76959740655357,11.76989641328769,19.47788898576428,177.0,163.1375452059775,11.79577514708012,19.25038122909882,184.0,168.12545154430714,11.800588738985548,0.922882371173683,0.970332235289104,1.0514148558879461
20180120-PhaeoEx-Cont-1-T0_000004_0001.tif,181691,277992,208858,0.7741784095307342,480.9741844657325,0.6952816470228073,181691,625.0803318371034,395.65550243240904,0.9553296346167903,2522.553570062023,0.8699259784159572,18.942259893725076,261.0,0.3761110897072502,550.2314049586777,2100.980356606991,11.867222046705118,236.0,203.9014619771116,17.376694830169118,9.738465883086842,214.0,187.34767178244223,17.352238591959615,10.551326068677808,223.0,192.1942971358423,17.34464507421365,0.9188147547636143,0.9747826786453789,1.0609131749262817
20180120-PhaeoEx-Cont-1-T0_000014_0008.tif,5398,9628,6219,0.8042994571611383,82.90323915553847,0.8056716417910448,5398,115.0669956633003,68.37559183183797,-0.15875964404258533,359.095454429505,0.8679852066248593,13.979525606875184,23.0,0.07836235642830679,54.666666666666664,1.699673171197595,10.71783536804108,255.0,249.39109044461594,12.393897545375802,10.194809804195838,254.0,248.30689720034007,12.394530705614626,9.961101153525961,255.0,250.11641094631025,12.395276596701688,0.9956526384228764,0.9927653138027852,0.9971000683283833
20180120-PhaeoEx-Cont-1-T0_000011_0006.tif,2579,4674,2705,0.8045382896616733,57.30344479934853,0.9530672579453068,2579,76.8896253594617,45.6648087327653,-1.5197268147531466,219.21320343559643,0.9534195933456562,12.830791785723308,5.0,0.2640558355951919,224.0,225.07332138660948,30.42256790867325,255.0,224.66747680555667,11.255735808098287,29.731302680625245,251.0,216.58941546069457,11.238561981182421,29.603135962561655,254.0,219.40942911244179,11.243339703877188,0.9640443669919637,0.9871472540484938,1.023964547532824
20180120-PhaeoEx-Cont-1-T0_000006_0001.tif,2647,5396,2876,0.7176952141026705,58.05398414332969,0.8021212121212121,2647,71.5842616856227,49.84822783589988,-0.7926261304802703,220.08326112068522,0.9203755215577191,12.900842109450357,4.0,0.24027200604457877,159.0,61.216827751852676,25.29262819290419,255.0,229.58910412354004,11.323358331129276,26.974641620553914,255.0,224.60665900171944,11.3064780697748,26.03843434178584,255.0,227.38551508265866,11.317807327714906,0.9782984251763986,0.9877790980664312,1.0096909824712463
20180120-PhaeoEx-Cont-1-T0_000014_0003.tif,131960,178504,142242,0.5838859648291117,409.89839024232833,0.7985959816025175,131960,461.0823380108763,374.3230959011144,0.9507417630656458,1765.0001794687491,0.9277147396690147,18.566609909861157,358.0,0.16174598363140347,163.65591397849462,198.38110898094288,11.311660600439623,253.0,236.55919325052534,16.98613447962298,9.739627992731702,240.0,226.24368918136818,16.981511073120704,10.555551474529963,246.0,229.8144061205789,16.977876386718123,0.9563935608360288,0.9844626061547368,1.0293488438945275
20180120-PhaeoEx-Cont-1-T0_000002_0002.tif,80881,112119,98261,0.6891027588232181,320.90635334583936,0.7968963988373812,80881,411.07605905646716,297.89187232089546,0.08913453478891652,2133.876333808248,0.8231241285962895,17.82350871923265,117.0,0.26721974258478504,271.0128205128205,465.1458964280343,8.608616839349502,198.0,183.7125566919056,16.247999518775547,8.211713816765258,178.0,164.62069327925454,16.235882374242234,8.474088234446816,189.0,174.40432532496004,16.235424511400083,0.8960775259109316,0.9439025836803296,1.0533715626008813
20180120-PhaeoEx-Cont-1-T0_000001_0008.tif,26784,64602,35748,0.9249084270115845,184.66848124730598,0.47279788172992054,26784,346.2127812694951,131.62662162202324,0.46168633550788024,940.5655839020935,0.7492447129909365,16.169777362831507,33.0,0.3433766427718041,472.8421052631579,1138.7745612653284,19.57677342666775,255.0,211.96563187726346,14.585581090586563,18.87769308243413,255.0,209.25403560871365,14.581564168586048,19.931867275563814,255.0,212.21215812416597,14.587351922115696,0.9872073777030046,0.986060541763486,0.9988383029083646
20180120-PhaeoEx-Cont-1-T0_000001_0011.tif,2041,4028,2113,0.7751824826730266,50.97726856947582,0.9193693693693694,2041,65.55758641378962,41.41517794594364,0.07924349627894103,187.21320343559643,0.9659252247988642,12.531046364076644,10.0,0.1533561979421852,94.0,32.0,18.215617232446778,186.5,169.44495758640736,10.94152865690951,15.643020001954103,170.0,154.9926047020824,10.947476062392361,15.925672900116025,179.0,162.43846817146394,10.952461423861257,0.9147076838981468,0.9541619448077904,1.04313319064021
20180120-PhaeoEx-Cont-1-T0_000003_0003.tif,2249,4134,2273,0.8042989886510812,53.5118280019416,0.9803836094158674,2249,70.80304401125944,42.072926092027714,0.009230164835721215,193.55634918610406,0.9894412670479542,12.705750130836723,8.0,0.27701200533570475,114.8,52.392365856105414,14.342520843195114,254.5,232.60869828677073,11.113846883676274,9.877107197177304,249.0,235.4312294780408,11.123167093117775,9.915238534738618,251.0,238.6191927948994,11.125438852723185,1.012134246105407,0.9866399543158343,0.9748113534467663
20180120-PhaeoEx-Cont-1-T0_000007_0005.tif,2303,4284,2356,0.8647604468370689,54.150444795265344,0.9676470588235294,2303,78.27801278344892,39.31001231313335,-0.03538277327057448,203.21320343559643,0.9775042444821732,12.691917540877519,6.0,0.3100303951367781,175.75,54.93803327386229,27.89046965589849,255.0,224.19816289913646,11.114281658792509,28.322881830079396,255.0,218.3762428612724,11.104092842023862,29.501884489955188,255.0,220.6917808964416,11.102586698235045,0.9740322580587636,0.9895078193407857,1.0158881404121716
20180120-PhaeoEx-Cont-1-T0_000003_0002.tif,17303,145750,46966,0.9785502968755445,148.42797526932893,0.28528325529248827,17303,540.4867476065708,111.34462068912133,0.060230559123705216,1816.5849198858496,0.36841544947408766,15.627651153516098,72.0,0.02121019476391377,,,15.882622864763109,172.0,166.37530314222488,14.026830903546223,12.037128881910034,167.0,160.64590168556313,14.051235070957539,12.005992691392475,170.5,164.60545660528342,14.050140304531457,0.9655633898273711,0.9759451782378324,1.0107520526563434
20180120-PhaeoEx-Cont-1-T0_000005_0003.tif,143464,259910,172404,0.5496290448336157,427.3921361535392,0.5884543761638734,143464,491.4947832123032,410.59908174546206,1.2184901743961314,2254.341412646953,0.8321384654648384,18.64377978595808,990.0,0.31560530864885966,681.438596491228,3261.5425315065418,13.370172082090557,205.0,198.48938314261193,17.054253112168173,11.97176842049063,205.0,196.57866690719868,17.064565799507445,11.483712304217699,210.75,198.2065963552153,17.057671898337063,0.9903737106480883,0.9917867039848707,1.001426727427829
20180120-PhaeoEx-Cont-1-T0_000005_0014.tif,2616,4760,2783,0.4282486373324961,57.71303708025757,0.9316239316239316,2616,62.86367389137512,56.80744699327179,1.4934558190587661,217.35533905932735,0.9399928135106,12.92455779339881,10.0,0.15711009174311927,75.0,12.708265027138834,13.997876305488594,222.5,213.7854208848718,11.335972596767649,9.90860139874361,208.0,201.3735701292894,11.342008012710973,11.648654719693711,212.75,205.57237544839614,11.342446568267333,0.9419424827745084,0.9795750508308897,1.039952087037771
20180120-PhaeoEx-Cont-1-T0_000014_0010.tif,138824,210535,163442,0.5582209744485097,420.4238415674285,0.7141446150047327,138824,477.19332925530637,395.92363981109844,0.08757411051569841,2409.2743494484444,0.8493777609182462,18.655078937712222,394.0,0.012930040915115543,64.33333333333333,16.73983937265296,7.48864111041984,209.0,205.04235137043244,17.06937017868781,6.6352148506356325,194.0,191.0555846636439,17.071058476178163,6.642498945277826,201.0,198.34296270193514,17.07156908857462,0.9317859622009512,0.963258701296892,1.0337767903495774
20180120-PhaeoEx-Cont-1-T0_000012_0001.tif,15981,30955,25129,0.6633589698638147,142.64515822281749,0.6263374485596708,15981,219.5883175590076,164.31822958615155,0.11832156098562062,1237.7848839920998,0.6359584543754229,15.532177092430615,46.0,0.13009198423127463,89.05882352941177,30.313015236587137,8.163052863901054,206.0,199.54020678506154,13.950166969827245,7.4555244843512645,187.0,179.9738311764883,13.947554392310765,8.691124497689415,199.0,191.57672104662066,13.947668281298046,0.9019426915315892,0.9394347611403747,1.0415681283975151
20180120-PhaeoEx-Cont-1-T0_000001_0006.tif,1876,3621,1879,0.7708357557635976,48.873278853819144,0.9745454545454545,1876,62.368649179405175,39.730946168678265,-1.508025487619834,170.72792206135784,0.9984034060670569,12.387039950805798,2.0,0.5138592750533049,957.0,0.0,8.29777646558145,209.0,200.91565579094856,10.821426147106086,7.164385423176399,185.0,181.11758623207322,10.788855742906392,7.011140084228676,202.0,191.69626458003387,10.798190785055214,0.9014607921869707,0.9448154173940931,1.0480937447117837
20180120-PhaeoEx-Cont-1-T0_000007_0002.tif,2546,5025,2702,0.6605617375457785,56.93564683830091,0.846128281821203,2546,67.28888992994567,50.51859631697339,-0.9122000930886388,209.84062043356596,0.9422649888971133,12.839132772889657,5.0,0.28043990573448546,177.5,58.879113444412525,20.313559630031982,215.5,194.2513405492899,11.262685075957823,19.905941591995038,199.0,176.42369209189454,11.24755626691263,19.89180994145888,208.0,185.55588123968624,11.255037417496915,0.9082238073262011,0.95078469576507,1.0468616745074846
20180120-PhaeoEx-Cont-1-T0_000005_0007.tif,9655,16644,12732,0.7440309992728318,110.87437848492318,0.7578492935635793,9655,151.65998925007975,101.33087839602189,1.3772633288084035,616.2619766708755,0.7583254791077599,14.804915963737427,26.0,0.18933195235629208,171.3,164.6621085738914,9.926484363311685,229.75,216.3292951515315,13.212327503487762,7.008680234313828,216.0,207.35510921320173,13.224106583565893,6.759538830701062,221.0,212.43278752054783,13.224282782796578,0.9585160857107048,0.9760974830363465,1.018342308061117
20180120-PhaeoEx-Cont-1-T0_000015_0002.tif,5459,9088,5520,0.8732574002367859,83.37034649507733,0.8862012987012987,5459,121.4944010294625,59.19926277342533,-0.07918231637164025,307.7401153701776,0.9889492753623188,13.978923732791333,13.0,0.19692251328082067,166.66666666666666,113.22347616795535,13.991186798843614,195.75,184.5723957105234,12.387513943750182,11.379930247937574,178.0,170.31816057139804,12.397005138732167,10.636909197809711,183.0,175.19085376836512,12.400057935577497,0.9227715765174268,0.9721863722211795,1.0535504093984407
20180120-PhaeoEx-Cont-1-T0_000005_0012.tif,2860,6162,3418,0.657746429294435,60.34455317543221,0.7322068612391193,2860,76.14152996923339,57.352802423282384,-0.8026027828066649,253.74011537017762,0.8367466354593329,13.055941857386578,13.0,0.12867132867132866,211.0,0.0,16.26681903722455,233.0,224.2242522879644,11.466958234070743,10.658934099888254,216.0,210.7961593922027,11.474905403023119,12.09423212512524,221.25,215.92680890074084,11.472719863983329,0.9401131110540335,0.9762389416364846,1.0384271106930394
20180120-PhaeoEx-Cont-1-T0_000002_0004.tif,42811,63215,47196,0.6093005496692845,233.4708935813136,0.7726641038135975,42811,275.53832344574647,218.48518385277708,-0.5876276715191842,1060.4995667241112,0.9070895838630393,16.90313656415193,51.0,0.2779192263670552,324.3611111111111,316.4756575488669,9.621931536988232,194.0,178.31968383961305,15.32678437650934,8.587447190400718,176.0,158.9751769365926,15.314901597377343,8.95206750153334,184.0,166.6064871732425,15.31673959767687,0.8915178263751321,0.9541955996664485,1.070304565356995
20180120-PhaeoEx-Cont-1-T0_000005_0010.tif,3220,5764,3220,0.9699430259990586,64.02992530096552,1.0,3220,132.78554138158265,32.31098884280702,-0.0,282.0,1.0,12.992432034636646,6.0,0.593167701863354,476.25,214.2351220038395,33.586542177440236,111.5,156.56894409937888,11.34889991030643,26.05460673061125,125.5,160.04223602484467,11.45687535618006,30.590224050616847,114.0,160.31801242236028,11.415596413949142,1.0221837858423646,0.998279816513761,0.9766148028762706
20180120-PhaeoEx-Cont-1-T0_000008_0001.tif,4291,9676,5814,0.9607613822521482,73.91529534851757,0.6742614707730987,4291,171.67182657228034,47.61768201063485,0.03410734821878583,415.1370849898476,0.7380460956312349,13.538949350863176,2.0,0.3146119785597763,1349.0,0.0,18.09613439229544,251.5,213.81702398456113,11.958431296977578,14.833084776979543,243.0,206.04806104937828,11.957191243591856,16.441064264139474,252.0,211.515270384516,11.946801422373449,0.9636653677504003,0.9741521766953336,1.0108822100449806
20180120-PhaeoEx-Cont-1-T0_000009_0010.tif,3940,10248,5008,0.9792687634560704,70.82770507546141,0.5760233918128655,3940,169.41547627340717,34.317691822736606,-1.4224049170014483,389.58073580374355,0.786741214057508,13.502105085917766,16.0,0.16852791878172588,317.5,229.5,17.042757913293233,191.0,182.24678680810473,11.909929454976199,12.953677231929085,175.0,169.79770656362751,11.920598849477674,13.58670354894207,182.0,175.80425762605654,11.922307703621348,0.9316910851350956,0.9658338703309153,1.03664603616001
20180120-PhaeoEx-Cont-1-T0_000013_0003.tif,6072,12040,7176,0.9017892143452834,87.92673379372117,0.6995391705069124,6072,143.81721632707738,62.15436890284879,1.371821022187573,388.45079348883235,0.8461538461538461,14.042091157411686,4.0,0.4357707509881423,2639.0,0.0,19.25495143829215,245.0,197.6046086710455,12.429602313637414,19.775797674131418,240.5,203.92241878449795,12.475805431564314,19.483278571721954,244.0,204.59848625400338,12.465631421374475,1.0319719775563017,0.9966956379693538,0.9658165721994875
20180120-PhaeoEx-Cont-1-T0_000006_0004.tif,4054,8360,4812,0.78309346347272,71.84506325667999,0.7127285513361463,4054,98.49394769055783,61.253783390240855,0.6899206114324282,319.19595949289334,0.842477140482128,13.521297786736481,9.0,0.21830291070547608,202.5,60.36762377301263,14.493001378066667,252.0,227.85569168367698,11.944233186630832,15.267399266410788,244.0,218.03556436296282,11.933314497124218,14.74411798048839,254.0,225.136416042721,11.931915663600494,0.9569019880602893,0.968459781831071,1.0120783464921106
20180120-PhaeoEx-Cont-1-T0_000014_0001.tif,1549,3100,1549,0.6739614438632361,44.40999949104669,0.9904092071611253,1549,52.71593281630636,38.944766274961864,-1.5310636627020104,153.07106781186548,1.0,12.047286180628099,1.0,0.723692704970949,1121.0,0.0,13.669136305991117,147.0,163.61889600538396,10.455100297714408,14.461335590059834,149.0,164.27083314187215,10.472321118858472,12.137363289822162,152.25,165.97693938205555,10.459634286136867,1.003984485608965,0.9897208235882927,0.9857929457824035
20180120-PhaeoEx-Cont-1-T0_000008_0003.tif,6116,9300,6356,0.8485625269978464,88.24473386894118,0.9598242310106717,6116,124.86354305548402,66.06469032512044,0.01830081649311202,342.7695526217005,0.9622404027690371,14.158574044530837,16.0,0.12311968606932636,83.0,31.65964834506747,11.606075230122569,255.0,245.9259386213391,12.57117220879351,7.988080428309378,255.0,247.7466359251491,12.574699921128452,8.820945054594583,255.0,249.4925571257441,12.57501101198483,1.0074034374495704,0.9930021110821552,0.9857045094030303
20180120-PhaeoEx-Cont-1-T0_000010_0001.tif,17882,27946,19697,0.4749913298595631,150.89091933895222,0.7828561421942036,17882,167.75978241833468,147.6270106607704,1.1771039160941936,629.2558800164655,0.9078539879169417,15.7025783455598,141.0,0.12342019908287663,111.6,60.7588676655515,5.538695642070893,197.0,192.100324545998,14.114913543723606,3.5306444678334086,182.0,179.69686840165912,14.120164479407483,3.884256924614434,189.0,186.35584886939293,14.11954879436849,0.9354324040125768,0.9642673921525224,1.0308253039089268
20180120-PhaeoEx-Cont-1-T0_000011_0005.tif,2269,4473,2453,0.5984964738878735,53.74923745509404,0.8777562862669246,2269,62.51644543299774,50.08351485976355,-1.0149289572331721,206.38477631085024,0.9249898083978801,12.658090085133985,3.0,0.2776553547818422,210.0,117.33996193397485,31.81241360836676,255.0,222.5586551556282,11.076077766639612,27.118201836126996,250.0,214.8612228184287,11.07444204824721,28.942269288134877,253.0,217.2971580251812,11.069201439819645,0.9654139160221968,0.9887898432317729,1.0242133729601621
20180120-PhaeoEx-Cont-1-T0_000009_0006.tif,7428,13905,8897,0.8011346041433541,97.2503127927761,0.7174731961750217,7428,135.22292665273497,80.92878602774952,-1.094847478502431,455.38582233137674,0.8348881645498483,14.28786596988674,9.0,0.4544964997307485,1121.6666666666667,1207.1570826624934,12.704153112963823,228.0,175.41623466628513,12.672773907622041,9.975582452455207,216.0,173.6767024240143,12.733476553640587,9.9840357287243,229.5,178.98468492258365,12.703067971527044,0.9900834022256826,0.9703439291419531,0.9800628179006378
20180120-PhaeoEx-Cont-1-T0_000014_0004.tif,51865,104135,79597,0.7164865981327391,256.97581401308804,0.5516203482126714,51865,383.53183677530143,267.5521377488261,0.052538051559502155,1613.2539674441616,0.6515949093558803,17.12611929403415,52.0,0.5967029788874963,4332.285714285715,10345.586798441238,9.608560855423644,177.0,169.2546567723385,15.561716853463407,7.838971753527334,146.0,148.27708994656925,15.541962316497528,8.12054869957379,161.5,154.87165028108703,15.524371180514684,0.8760591452796137,0.9574191898740094,1.092870492857452
20180120-PhaeoEx-Cont-1-T0_000001_0009.tif,5990,11776,6453,0.9728803200394237,87.3310075114425,0.7428075396825397,5990,187.21821597103823,43.305270215604885,-1.4603490044300058,414.5096679918781,0.9282504261583759,14.098953913153878,19.0,0.33606010016694493,957.0,505.0,17.187274211348644,255.0,234.6085258252518,12.524454966090438,16.041158091340435,244.5,223.43033599485045,12.513512972709927,19.242133133101785,253.0,226.702490536498,12.504572459102317,0.9523538635645005,0.9855663052756769,1.0348740557284746
20180120-PhaeoEx-Cont-1-T0_000005_0005.tif,3307,7134,4196,0.9494536186468431,64.88916068527303,0.7358700489541611,3307,123.57308907709812,38.790501249140746,-1.4512979210325923,306.23149339882605,0.7881315538608198,13.244817626671423,5.0,0.28575748412458424,308.6666666666667,129.47157560209456,19.563626622118598,248.75,223.338935934727,11.643900214488779,12.80035827540319,236.0,223.157051414971,11.666934267201754,12.473791200370362,240.75,226.32837100724018,11.668746288602158,0.999185612132543,0.9859879714674934,0.9867916025763401
20180120-PhaeoEx-Cont-1-T0_000009_0000.tif,74831,162024,107786,0.8454925699357698,308.67100345202005,0.5014138300723666,74831,467.58854370302123,249.6862903825122,1.3499308668351768,2475.8855685242374,0.6942552836175384,17.5675626156438,216.0,0.4780639039970066,2907.0833333333335,8780.527181006211,29.630429341445772,212.5,183.12570504308025,15.979803180172501,27.56660403612566,200.0,176.41939290954895,15.996548143511184,29.721185832603705,212.0,182.79237469642803,15.972508730450153,0.9633786412893065,0.9651354067834449,1.0018235462349334
20180120-PhaeoEx-Cont-1-T0_000011_0001.tif,7822,34790,14732,0.9687664724395968,99.79619090385386,0.27108893047757676,7822,270.99538043310116,67.20003643362654,1.1933670678048613,692.58787847868,0.5309530274232962,14.491323916031485,10.0,0.29953975965226287,1138.5,1048.5,15.466203114036647,249.0,226.12236041116208,12.897514073013111,12.865507380782581,245.0,229.72665260000153,12.909475642803667,13.822776643554738,248.0,233.24929595979623,12.912209065992114,1.0159395655621395,0.98489751771683,0.969444985806677
20180120-PhaeoEx-Cont-1-T0_000011_0009.tif,6480,13736,8750,0.789087175836828,90.83277079272577,0.6352941176470588,6480,138.48242434150978,85.06715389020195,1.152929013355509,486.5929291125633,0.7405714285714285,14.232942859200698,21.0,0.12453703703703704,80.66666666666667,25.590796956892312,14.012027937434699,255.0,243.88053071305524,12.648874773836237,13.627259980505956,255.0,241.76231409380608,12.647469193466854,14.477951210110188,255.0,243.5759796943147,12.647613947458941,0.9913145316969094,0.9925540046978986,1.0012503327262514
20180120-PhaeoEx-Cont-1-T0_000005_0006.tif,5932,9040,6206,0.7746285833704888,86.90717449882366,0.9555412371134021,5932,112.67303863579531,71.25628235601826,-1.5502905547571562,338.5685424949238,0.955849178214631,14.092233872151219,13.0,0.2545515846257586,364.0,264.0085225897073,17.88290423121987,239.0,217.33003891761203,12.491436029148971,12.02776411028625,223.25,210.7006626693446,12.515094839835454,11.82057183839327,228.0,214.73169616246815,12.515914273547642,0.9694962726676704,0.9812275804403202,1.0121004155491695
20180120-PhaeoEx-Cont-1-T0_000009_0001.tif,4053,11696,5484,0.9657135875647349,71.83620170089462,0.5412660256410257,4053,158.2431583663488,41.08148034434054,1.3829386154775636,433.3624817342638,0.7390590809628009,13.550286231658495,16.0,0.06439674315321983,110.0,0.0,16.09780233779109,243.0,231.4899447371475,11.964674152846674,16.47852560623808,237.0,228.85774125237393,11.965892793541922,16.548357700212684,249.0,237.07344871459796,11.965917096705597,0.9886292966730698,0.9653453075122109,0.9764482104270893
20180120-PhaeoEx-Cont-1-T0_000008_0002.tif,2744,5170,2975,0.8829003536718,59.10811543902653,0.9020381328073636,2744,90.43343503549077,42.46395956637893,0.03870044185281059,239.35533905932738,0.9223529411764706,12.915280378408578,8.0,0.336734693877551,222.75,138.6801626044619,18.784012452968415,171.0,149.2000449058728,11.345673075842969,19.349036493166263,159.0,134.64838457144435,11.322759630274705,20.799301075560248,167.0,143.7338064175233,11.325169897653987,0.9024687938692727,0.9367899447421069,1.0380302910261137
20180120-PhaeoEx-Cont-1-T0_000003_0001.tif,2160,5544,2164,0.9978167821888536,52.44232466841979,0.989010989010989,2160,208.04796196184304,13.7400979009372,1.5691478240049828,381.65685424949237,0.9981515711645101,12.595824118415038,1.0,0.35185185185185186,760.0,0.0,21.484838397626934,244.25,213.71182564909506,11.0072406027779,17.64623461777616,220.75,191.75171759225168,11.003050079098285,9.52222826429104,213.75,195.93148089352073,11.027759842450784,0.8972443008703652,0.9786672193656284,1.0907477689368208
20180120-PhaeoEx-Cont-1-T0_000014_0002.tif,1534,3060,1536,0.6057758693042276,44.1944505749731,0.9961038961038962,1534,50.62015939679265,40.27518779333763,1.5484115252321131,152.82842712474618,0.9986979166666666,12.006314531491364,1.0,0.7346805736636245,1127.0,0.0,15.36364154978168,122.0,146.64963325710832,10.412370001971974,15.072959655105759,117.0,140.71620859760392,10.440837644632664,14.257995240088432,127.5,146.14312249212585,10.412345724267894,0.9595401329841594,0.9628657592503929,1.0034658542690558
20180120-PhaeoEx-Cont-1-T0_000015_0003.tif,1121,2920,1177,0.8558142668402681,37.77964438223469,0.9341666666666667,1121,54.174269838023385,28.023441317872948,1.5447722555272028,145.9350288425444,0.9524214103653356,11.703823467032523,10.0,0.17752007136485282,161.0,0.0,5.246475596734552,195.25,190.06755806412613,10.119708090123003,7.9258588962923,186.25,179.32879660377475,10.117008811116275,4.549744873952161,195.0,190.57851092277352,10.12141406477186,0.9435002923711564,0.9409707093180227,0.9973189377114273
20180120-PhaeoEx-Cont-1-T0_000009_0007.tif,7403,10890,7447,0.9428666289782826,97.08651991741392,0.9936912751677852,7403,172.2832037755242,57.39966508459206,-0.001461277023184637,398.3847763108502,0.9940915805022157,14.231131407172057,12.0,0.5219505605835472,959.5,532.3403516548412,20.16449694002721,200.0,149.2662199003487,12.611203108097142,15.623841791584722,177.0,141.56581205215505,12.682634935444712,18.47513187867575,196.5,148.23972425938385,12.647712476003917,0.94841158399178,0.9549789218741999,1.0069245652344085
20180120-PhaeoEx-Cont-1-T0_000009_0005.tif,4418,9200,5111,0.8540476780355323,75.00114871546934,0.6972853535353535,4418,107.2684093062753,55.80046188908761,0.2793492792612439,311.8589103967956,0.8644100958716494,13.656448724985552,16.0,0.15436849253055682,110.4,32.897416311923344,20.785837341488854,231.0,215.97354693571694,12.074390172394263,19.820096437436106,214.0,199.22643106625134,12.071516266937447,21.587883759501832,227.0,213.03848380998338,12.071168926446235,0.9224575597008171,0.9351663957764011,1.0137771498991301
20180120-PhaeoEx-Cont-1-T0_000005_0013.tif,12032,17384,12940,0.8153323417383761,123.77244524632079,0.9033033033033033,12032,168.25749532073345,97.41995244991134,-0.061896213064992316,490.5452018978108,0.9298299845440494,15.124607790835189,35.0,0.16032247340425532,124.07692307692308,73.21145511300341,13.126015170737581,222.0,210.59037431871542,13.533340869884029,8.827818344537642,204.75,197.64422860159183,13.544286011573497,9.650061311099597,208.5,201.4338830080161,13.543369529531066,0.9385245134826039,0.981186608976438,1.0454565596113488
20180120-PhaeoEx-Cont-1-T0_000009_0016.tif,19572,28560,21544,0.8802084819482437,157.86020514859533,0.8477130977130977,19572,237.66706112666398,112.79374955500819,-0.10328460201437242,716.5340546095176,0.9084663943557371,15.795672199012047,52.0,0.2377375843041079,156.53846153846155,101.77623674937045,11.326737737128553,197.0,182.49336337922327,14.216627217716168,10.117015056196264,177.0,161.4409081985106,14.210545031694059,10.36055363593761,184.0,168.17377636918337,14.210172999239239,0.8846398861258017,0.9599648154662803,1.0851475617613822
20180120-PhaeoEx-Cont-1-T0_000004_0002.tif,47714,84700,59162,0.47781805902971214,246.47789279668382,0.6309038980271857,47714,278.38639221219984,244.55098224523303,-0.1734839167274243,1357.383909759073,0.8064974138805314,17.055845006036567,65.0,0.31389110114431823,426.0882352941176,1126.9042802831193,11.273993831214177,235.0,210.69751687451136,15.480594157840768,11.243952566375933,215.0,190.18137770908007,15.469801098593287,11.119406174917984,220.0,194.81176498862445,15.466214653426537,0.9026275227645401,0.9762314802711491,1.0815441094474685
20180120-PhaeoEx-Cont-1-T0_000004_0007.tif,8498,29241,15055,0.9133705041314905,104.01917924671109,0.3537148803329865,8498,225.28636606517045,91.72069580594223,-0.9212251688056344,784.1808075912433,0.5644636333444039,14.566024462629569,19.0,0.2135796658037185,1760.0,0.0,11.92012446702956,233.5,204.92660024061956,12.978181094290083,10.053357009056345,219.0,194.0712058159242,12.982131086765929,10.890887425131417,230.0,203.14413685545145,12.984222469566806,0.9470278899276656,0.9553374703303243,1.008774377704223
20180120-PhaeoEx-Cont-1-T0_000009_0013.tif,13381,21301,15470,0.8358376199805816,130.52669592118394,0.7970099469891,13381,180.08063183146683,98.86008016227983,1.3760611370122844,545.0071426749364,0.8649644473173885,15.097324475945113,12.0,0.4980943128316269,950.0,767.6881807460259,13.541648760930233,189.0,149.5755616328313,13.47528830055675,10.368024130425121,174.0,140.78858683232454,13.541063562004876,12.469816424260951,181.0,147.4323479113875,13.523228744165563,0.9412539407869551,0.9549368834371673,1.014536930000816
20180120-PhaeoEx-Cont-1-T0_000001_0001.tif,82923,147968,91797,0.9496067661560272,324.9320586954662,0.6134810014204546,82923,595.5788859088365,186.68048441418594,0.25557855421287906,1490.7747827243331,0.903330174188699,17.75307863092256,79.0,0.5697816046211546,2033.7391304347825,8181.02518406965,8.97260426130263,187.25,170.07788209733587,16.188960845281294,6.140883480928763,158.75,150.81441538963034,16.160404335919424,5.86345232510061,171.5,156.11123917535448,16.15862727643756,0.8867373789574766,0.9660701957546157,1.0894659666770894
20180120-PhaeoEx-Cont-1-T0_000006_0002.tif,2325,4392,2380,0.6557840324430755,54.408473067246184,0.9226190476190477,2325,63.39855995900181,47.86265047836893,1.2383994984917668,190.62741699796953,0.976890756302521,12.705549003206276,4.0,0.3135483870967742,182.25,78.71268957417222,16.84282030825597,255.0,224.6082492054927,11.134084721526472,12.826367145909513,255.0,216.87209909819674,11.114512645793557,13.11278167316977,255.0,218.4740758203479,11.113230470694358,0.9655571416692794,0.9926674287732496,1.0280773513384214
20180120-PhaeoEx-Cont-1-T0_000011_0000.tif,79873,164850,127388,0.8793562490514041,318.9003953535205,0.5255839968414818,79873,528.3171568656549,251.56585053839206,0.6098713557232046,2228.4032457428293,0.6270056834238704,17.837133660836038,175.0,0.1491993539744344,151.8450704225352,180.4591677030946,10.71642171172274,201.0,193.854816542453,16.254226478216815,10.285369706771386,182.0,177.41692118047678,16.252121466701297,11.2232780354612,192.0,186.94041076381626,16.252712168670808,0.9152051228070651,0.9490560144570794,1.0369872182819397
20180120-PhaeoEx-Cont-1-T0_000001_0000.tif,1877,3538,1878,0.36718193260242477,48.886303045616984,0.9931216931216931,1877,51.75375350892305,48.13870947743962,-0.12295697700485114,168.2426406871193,0.9994675186368477,12.248622696409727,1.0,0.8034096963239211,1508.0,0.0,18.495766049669207,79.0,108.00134399475863,10.635072905966242,14.991240938794478,87.5,108.56005722822796,10.683604728841056,14.484257209202882,90.5,108.53968025650957,10.672196940418052,1.0051732063028442,1.0001877375322117,0.9950401893530669
20180120-PhaeoEx-Cont-1-T0_000009_0014.tif,6174,24038,11586,0.9265385996464507,88.6621731585398,0.3222674600689007,6174,211.82006503787903,79.68664747892446,-0.3975633866235749,754.4701294725885,0.5328845157949249,14.128918420874852,9.0,0.21379980563654033,1310.0,0.0,9.519361427340412,238.0,215.32121990768368,12.546206000772223,8.998181282434466,225.75,205.02214506190452,12.546406410334733,9.953282185097056,239.0,216.5430485548434,12.5407271633427,0.9521687883331018,0.9467962441194643,0.9943575715992089
20180120-PhaeoEx-Cont-1-T0_000015_0007.tif,70384,103392,77158,0.6320076756421706,299.35880163549507,0.7544160521351397,70384,348.65468095672674,270.194173062878,-1.2722715454014755,1312.6143571373725,0.9122061225018793,17.61770108921132,124.0,0.28006365082973406,264.3888888888889,297.1326656354941,9.12167500466678,233.0,211.0498965721423,16.045787999540917,8.554953234897134,219.5,194.78957578386616,16.029091867129644,9.30420053630763,229.0,203.73988758039786,16.024976222821877,0.9229550876244189,0.956069909025547,1.0358791254798343
20180120-PhaeoEx-Cont-1-T0_000004_0008.tif,104087,167668,118862,0.7527414796920849,364.0435200533706,0.6734930248207677,104087,473.613044689619,311.7871562422052,-0.1355945440119912,1628.4894654563445,0.8756961854924198,18.185521949207278,385.0,0.4362024076013335,620.5,2828.4415762041117,7.606540416005417,154.0,150.10016591244937,16.569925986593443,6.845729725426148,164.0,156.84785263579502,16.619397122976768,7.195467347526972,167.0,158.48665522431168,16.612276072916487,1.0449545587263471,0.9896596808974408,0.9470839402851134
20180120-PhaeoEx-Cont-1-T0_000011_0008.tif,1641,3330,1651,0.8644186453695192,45.7098030285671,0.9756242568370987,1641,65.70614757336578,33.03525837683039,1.5339299058299762,167.07106781186548,0.9939430648092066,12.24680486204441,10.0,0.20901889092017062,79.0,9.0,12.90181555314083,255.0,238.92310837071082,10.663531356362071,12.503823379218186,255.0,236.75956085443988,10.660399743460228,13.600703348182774,255.0,239.38916038528671,10.661633346301885,0.9909445866035109,0.9890153776110221,0.9980531615808093
20180120-PhaeoEx-Cont-1-T0_000012_0005.tif,2474,4680,2571,0.5785353515914972,56.12481299456411,0.9016034985422741,2474,63.511184092549335,51.80336155636661,-1.3491707270091606,200.42640687119282,0.9622714896927266,12.84702914999151,24.0,0.15359741309620048,100.66666666666667,35.537148012873644,6.571252366627415,184.0,183.05141441961834,11.26199243193412,6.682942859910034,172.0,168.2285042911147,11.263471197773024,5.4363551524963745,179.5,177.61939792489832,11.263326879224191,0.9190232417733505,0.9471291213488162,1.0305823381802972
20180120-PhaeoEx-Cont-1-T0_000014_0006.tif,10579,18997,13350,0.7062236509808385,116.05861081261178,0.7145558932792976,10579,148.29884285749273,104.9939212486891,0.26462474808963804,662.1259377015544,0.792434456928839,14.884930293610726,23.0,0.30087910010397956,287.6363636363636,296.9751360046135,13.522732245962967,182.0,164.11596627801094,13.311933090639743,12.830451139341939,166.0,145.38720121051537,13.296134294150306,13.92665968021134,177.0,155.83035622408957,13.296206013719052,0.885880907919896,0.932983821210313,1.053170705982385
20180120-PhaeoEx-Cont-1-T0_000014_0011.tif,8817,15892,9960,0.8000763346046789,105.95354201691386,0.7286776859504133,8817,141.5056828204517,84.88900540945693,-0.9186335713644318,422.75230867899734,0.8852409638554217,14.560725121049853,9.0,0.48701372348871497,858.0,619.6027759782876,13.467708840958243,208.0,168.53189325374262,12.950138979578439,8.340156037220178,194.25,166.33805491012794,12.998158231339506,9.60979178469699,206.0,169.13744309693033,12.979640408041172,0.9869826517624671,0.9834490333095665,0.996419776531441
20180120-PhaeoEx-Cont-1-T0_000015_0001.tif,6614,9894,6721,0.47979712342237846,91.76713109212015,0.9494688486936549,6614,99.80680587317747,87.56844164186839,1.1721815427485218,327.01219330881975,0.9840797500371968,14.267289801272794,19.0,0.09978832778953735,115.33333333333333,71.89034860273124,8.84554144805693,198.5,193.05531189728492,12.680699811683535,6.201147603667367,180.0,176.37976628844888,12.68544050735354,7.13362086919089,187.0,183.03899050687338,12.683991197137418,0.9136229640875757,0.9636185481575061,1.054722337370165
20180120-PhaeoEx-Cont-1-T0_000010_0009.tif,170456,226953,180510,0.4404461448521171,465.8662037939401,0.8042463846752695,170456,495.3646571140315,444.7280032298256,0.36654418855847776,2013.6997102991108,0.94430225472273,18.937090931756625,469.0,0.19805110996386163,179.0625,303.4587931652427,9.246440211744517,254.0,235.18350143538026,17.357373831362594,9.021266308673791,248.5,227.55509672407197,17.349021386976023,9.349255120776432,255.0,232.47208977133835,17.35024851020994,0.967564031214986,0.978849103769391,1.0116633857712076
20180120-PhaeoEx-Cont-1-T0_000004_0000.tif,195574,295307,258845,0.7733224419245602,499.01157373555446,0.7032733889266463,195574,652.2102313758917,413.5097225525511,1.218422550959031,3012.4419177103414,0.7555641407019645,19.119637375766946,814.0,0.241115894750836,358.5175438596491,2074.7863226799846,9.914261397884646,204.0,198.70636318200295,17.51957577926548,7.8610675961815115,198.5,195.2218210109092,17.543015394334784,7.812935474320596,201.0,198.18796059733796,17.541521686614185,0.9824638621768639,0.9850337044819027,1.0026157117874492
20180120-PhaeoEx-Cont-1-T0_000009_0003.tif,3196,6816,3817,0.9741176281951054,63.79085816144489,0.7926587301587301,3196,146.74926939787343,33.17145312762047,1.5636568642972288,309.39696961967,0.8373067854335866,13.199097197248218,2.0,0.4308510638297872,1376.0,0.0,10.884518495108022,255.0,232.04237883064204,11.623130644087398,9.003231994000148,253.0,221.9403229194263,11.610469537508273,10.39253094226041,255.0,224.95444694565595,11.609224569834561,0.9564646080508044,0.9866011805183038,1.0315082985965527
20180120-PhaeoEx-Cont-1-T0_000014_0013.tif,1759,3422,1763,0.35879767645843,47.32471192927804,0.9739756367663345,1759,49.81914848814758,46.50195823639673,0.9948150935152902,160.14213562373095,0.9977311401020987,12.340588628525326,7.0,0.14951677089255258,73.0,17.682382946499793,14.60322648417583,192.25,184.82801781165062,10.761117939157494,14.813935410639715,174.0,164.42450470387388,10.75382813203198,15.96366787190639,185.0,176.4206353287647,10.756455790217215,0.8896081159699013,0.9320026786972188,1.0476553236939576
20180120-PhaeoEx-Cont-1-T0_000010_0002.tif,4013,7260,4354,0.9486322010682421,71.48083864240968,0.8870468611847923,4013,132.81475708274817,42.02006774601086,1.5528269180569592,314.84671708797583,0.9216812126779973,13.541941469326032,16.0,0.13406429105407425,74.66666666666667,10.274023338281628,9.247248343942655,230.0,221.92869012092123,11.95374829518792,7.649307291451464,218.5,213.12657986765967,11.958470165708066,7.790474743401641,229.5,225.6780184774544,11.95992884552725,0.9603381146959161,0.9443834242498517,0.9833863821482121
20180120-PhaeoEx-Cont-1-T0_000004_0004.tif,4388,9000,4766,0.8425540220092662,74.74607094889934,0.7059202059202059,4388,104.59934547136551,56.338446491072474,0.5796119878792745,290.3675323681471,0.9206882081409987,13.457974579111008,1.0,0.5745214220601641,2521.0,0.0,21.10341156106732,210.75,165.83334298170706,11.811299684246467,15.817465533910877,213.75,170.30681375010286,11.913570811304082,17.177092294705833,211.25,168.60221439719393,11.892940976991456,1.0269757015565275,1.0101101836592326,0.9835774908094389
20180120-PhaeoEx-Cont-1-T0_000015_0005.tif,3183,7035,4166,0.8892562713679149,63.66098861070273,0.7012557832121613,3183,108.05483213880858,49.425287032648825,-1.5528446814175954,294.71067811865476,0.7640422467594815,13.185685643114327,1.0,0.22934338674206722,730.0,0.0,17.014690657631338,237.0,216.7566991091678,11.602455376150308,11.78201234824457,216.0,200.37295474574424,11.606901654983767,13.822056286426703,221.0,204.48256064969857,11.597109454553744,0.9244141268493297,0.9799024137271317,1.0600253558077073
20180120-PhaeoEx-Cont-1-T0_000007_0004.tif,12982,21750,17026,0.8356369457871952,128.56591993896313,0.7538032748809662,12982,185.40497989184786,101.83964842739705,1.3397542451710553,681.605122421383,0.7624809115470457,15.197846002005758,19.0,0.21622246187028193,212.46153846153845,92.50414991490538,12.590637095772362,200.0,188.93996235449058,13.618970830852488,11.363646695606043,181.0,168.7774426113836,13.6099135908252,12.104285043169225,190.0,178.03611747369519,13.613796171042525,0.8932861026759501,0.947995524763791,1.061245128435282
20180120-PhaeoEx-Cont-1-T0_000010_0008.tif,2133,4125,2194,0.7428396963154421,52.11352942298288,0.9269882659713168,2133,64.96170002113148,43.489865874554106,0.10860486784636147,187.79898987322332,0.9721969006381039,12.595287906360769,7.0,0.26957337083919364,281.0,225.0,12.435229773405922,198.0,181.06030276653155,11.011810982494975,8.803148724763362,179.0,161.24826847983283,11.007727493752583,9.128839813644532,184.0,167.56964891691754,11.016306017832353,0.8905777026549803,0.9622761014423388,1.0805077407323493
20180120-PhaeoEx-Cont-1-T0_000010_0000.tif,18544,32832,23853,0.6783492574792743,153.65856343715066,0.6797653958944282,18544,200.87307908203775,147.58940646844226,-0.4162108356349579,901.6894295625948,0.7774284157129082,15.750497987672722,129.0,0.06767687661777394,126.75,62.65929699573719,8.922938475896625,231.0,220.5178293760793,14.164813638052152,9.875044874387367,220.0,210.60820081456086,14.166630692292538,9.226224560303402,228.0,218.0127227803431,14.166004381697917,0.9550620075049886,0.9660362850784511,1.0114906440495228
20180120-PhaeoEx-Cont-1-T0_000013_0000.tif,163899,493181,308813,0.8454034884579174,456.8180033038852,0.34807178944819983,163899,863.4110492366809,461.1721957864638,-1.1963007347201196,3779.6431073058675,0.5307386670897922,18.80990457275993,752.0,0.4098987791261692,976.5396825396825,4566.636655533632,10.197509272756792,197.0,182.59368252666061,17.2279276997253,12.233430685429793,191.0,178.01948017259403,17.22601893326191,12.517127828155521,199.0,182.09092443247923,17.221270492816565,0.9749487370495488,0.9776405975609459,1.0027610277434107
20180120-PhaeoEx-Cont-1-T0_000011_0003.tif,2281,5735,2616,0.9926830934275335,53.89118111102137,0.7814319972593354,2281,163.19681425774885,19.705821730152874,1.5413204217348808,319.3553390593274,0.8719418960244648,12.696801288338355,6.0,0.21964050854888206,461.0,0.0,17.68000142322179,223.0,210.0644669954048,11.104494381040931,16.83364923122132,217.0,203.8110981628096,11.115516940464333,17.547858190360685,218.0,204.01626009804482,11.115999039833003,0.9702311917763227,0.9989943843930056,1.0296457100745469
20180120-PhaeoEx-Cont-1-T0_000012_0004.tif,2395,5220,2693,0.8550834464806077,55.2214515350757,0.7666453265044815,2395,79.11591530078512,41.02084292640738,1.235352792426903,215.84062043356596,0.8893427404381731,12.804746273496386,11.0,0.17035490605427975,164.0,30.0,6.496114677617615,255.0,243.43835367854416,11.219721266848557,9.417766402090127,255.0,243.74492259873043,11.217704708291052,6.491923434567727,255.0,247.12655898927198,11.221997789006755,1.0012593287604594,0.9863161757911728,0.9850756417043466
20180120-PhaeoEx-Cont-1-T0_000001_0002.tif,5341,17680,7095,0.9889895614225286,82.46437053922442,0.40708841463414636,5341,238.58350967580498,35.3068509494909,0.22106161755919304,499.46298679765215,0.752783650458069,13.885166901302275,24.0,0.2327279535667478,385.0,225.33974349856706,15.110897185731092,207.0,198.85082238807962,12.294617759229451,17.555524556027134,227.0,206.31167304220588,12.307588272297306,18.98839445836864,226.0,206.68088667945753,12.298925815769207,1.0375198380601394,0.9982136053159852,0.9621151988595753
20180120-PhaeoEx-Cont-1-T0_000010_0004.tif,7592,19177,9698,0.9029502112605204,98.31802796857428,0.50663997330664,7592,172.27149647154485,74.03284450867454,0.47967107482624344,471.7056274847714,0.7828418230563002,14.386793851101226,11.0,0.37776606954689146,355.0,176.92865793872966,24.90078731682414,252.5,201.57113223517766,12.773274132387076,25.91251203302363,252.0,208.19796191482598,12.813319508511611,25.607209893076764,252.0,210.01999309263974,12.81877042218249,1.0328758865724714,0.9913244870120053,0.959771159245133
20180120-PhaeoEx-Cont-1-T0_000009_0017.tif,4176,10823,5047,0.9194991589405567,72.91809335695798,0.5865992414664981,4176,123.66375327692724,48.611228366343745,1.209586350499165,332.2436867076458,0.8274222310283337,13.603429944338945,41.0,0.0435823754789272,,,8.535096395973591,225.5,218.81172282770797,12.016032493987419,6.478973695398027,217.0,213.15463034187204,12.020626657517845,7.623233703712646,224.0,218.48921157845103,12.019141400427396,0.9741463006975621,0.9755842350382433,1.0014760969062362
20180120-PhaeoEx-Cont-1-T0_000001_0005.tif,15500,24750,17188,0.5416450494026804,140.48207338801282,0.7763197435640589,15500,159.52404549905572,134.09707789737476,-1.319246193991903,564.19090885901,0.9017919478706073,15.3947959027782,26.0,0.30683870967741933,461.8,374.383172698774,15.29170084090691,245.0,209.87458428301798,13.821031550332478,14.023080819726415,233.75,197.34500679433862,13.804683173624987,15.083526483404894,242.0,204.77837426066952,13.804655415691668,0.9402996912109038,0.9637004273856149,1.0248864658719348
20180120-PhaeoEx-Cont-1-T0_000009_0015.tif,5848,10998,7003,0.9108370255997486,86.28965672437938,0.7545806451612903,5848,147.72313136907135,60.97511145984531,0.1527435401476724,407.7228714274745,0.8350706839925746,14.06943862018242,15.0,0.21015731874145008,148.28571428571428,71.28156300537886,11.99979249162172,198.0,185.5436928705824,12.4875031614814,10.572110961965791,181.0,167.8828099843189,12.487172553717466,12.27511599424428,188.0,174.8764557852359,12.482331508237733,0.9048155040301906,0.960008076733292,1.0609987035558797
20180120-PhaeoEx-Cont-1-T0_000007_0003.tif,4544,8772,5229,0.6518860778408364,76.06313490303026,0.7548172757475083,4544,91.19785147975325,69.15687326501397,0.6612253879145327,310.4030662740799,0.8689998087588449,13.69709543343567,5.0,0.1991637323943662,181.0,131.1716432770437,19.40867915198671,211.0,197.9853004218474,12.115708085627759,20.478144472638164,194.0,180.81295690692957,12.108668611751172,19.33047156831086,205.25,190.96293756750026,12.114779438431306,0.9132645530838466,0.9468484262451035,1.0367734333363243
20180120-PhaeoEx-Cont-1-T0_000015_0006.tif,217496,309600,237311,0.7537409946565998,526.2361713353796,0.7452168192533304,217496,657.8998413308502,432.3530919315255,0.13684072362650318,2227.5474734076133,0.9165019742026286,19.289575832592377,1127.0,0.17071578327877293,140.36470588235295,186.80747226891575,8.372338345216242,247.0,231.20957425105456,17.706617697478794,8.215573944487236,235.0,223.00565663967265,17.70485030523482,8.524634080157796,242.5,227.69410945089066,17.70282769592058,0.9645173966607722,0.9794089850522496,1.015439419177957
20180120-PhaeoEx-Cont-1-T0_000014_0009.tif,4931,9432,5308,0.874404902652169,79.23600314938335,0.7861926020408163,4931,118.03864446662391,57.27198856568991,1.4688552478624777,322.651803615609,0.928975131876413,13.830837968183097,46.0,0.09186777529912797,124.5,56.5,12.006506822594446,243.0,228.85654537470296,12.245086995912951,10.865845532567999,231.5,219.94347086831226,12.246533564925324,11.285932120107251,235.25,225.0083919603444,12.246543785476094,0.9610538798800905,0.9774900791570263,1.0171022661903062
20180120-PhaeoEx-Cont-1-T0_000002_0000.tif,283592,378012,299009,0.463940659719743,600.8997828012041,0.7909280558685393,283592,639.9610380454185,566.919903474481,-0.24418699950653247,2544.6012972767758,0.9484396790732051,19.668885836320676,556.0,0.17020931479026208,133.1078431372549,104.8189450704153,7.996374050777793,252.0,233.9580849056615,18.090009644199178,7.650695881136887,242.0,224.90332449899063,18.08046737799379,7.976772145542804,252.0,230.78349594417196,18.08167471382485,0.9612975101487857,0.9745208320849608,1.0137557018473171
20180120-PhaeoEx-Cont-1-T0_000002_0005.tif,7239,33540,9212,0.9869871601228111,96.00510957411508,0.2592393639879673,7239,250.06474243351994,40.210181786411674,-0.6705776471854694,535.8965363437813,0.7858228397742075,14.363967534150612,6.0,0.3528111617626744,2536.0,0.0,17.7211689055882,255.0,227.10549492296326,12.780724908655575,17.057563925739046,255.0,225.88989971740187,12.777360790640026,19.50956559514686,255.0,229.09188596159268,12.778998254161106,0.994647442564198,0.9860231355172151,0.9913292824392635
20180120-PhaeoEx-Cont-1-T0_000015_0000.tif,7721,34989,12405,0.9912291559272655,99.14979841078949,0.27220165697161997,7721,328.68591904958015,43.43725933168797,-1.293566115344652,775.9137802864844,0.622410318419992,14.473823165696748,5.0,0.15762206968009326,595.0,328.0,7.851422579462782,231.5,216.90428761383689,12.888623504927201,7.531202363745815,218.0,203.02340729691352,12.889915957090793,5.820043782268899,226.5,211.3622643480681,12.889782204696083,0.9360045830830415,0.9605470868848079,1.026220495332328
20180120-PhaeoEx-Cont-1-T0_000005_0011.tif,30433,83160,51933,0.8569184352358168,196.84638443447523,0.41067958544747923,30433,366.44505800841057,188.88484907722585,-1.0320415158793814,1936.1555544218265,0.5860050449617776,16.44064715731301,114.0,0.15000164295337298,233.1875,277.02486773528113,18.66912429198671,215.0,194.9896211289189,14.848674863615663,15.183836906708102,199.5,184.55715767006936,14.862401006767593,17.777024338408452,206.0,189.05791603103685,14.857769414121943,0.9464973397124965,0.976193758740953,1.0313750686689485
20180120-PhaeoEx-Cont-1-T0_000008_0000.tif,237320,315000,264030,0.5852126757246299,549.6955600662506,0.7985840040918513,237320,626.6092973019884,508.10485031380773,0.33469122305625915,3183.6856044179876,0.8988372533424233,19.38135600327313,496.0,0.19516264958705545,213.66507177033492,197.2841265258354,11.886010031007231,212.0,198.04893146002306,17.803885561442147,11.914620230015435,193.75,180.82490061865613,17.79487095506924,12.541297338901563,204.0,190.05385173196973,17.792914724474688,0.9130314376634561,0.951440336361459,1.0420674438070778
20180120-PhaeoEx-Cont-1-T0_000011_0002.tif,4924,12972,6484,0.9959108418357513,79.17974184269573,0.6109181141439206,4924,291.54589966862335,26.33870759700886,1.5098744191695392,592.0660171779821,0.7594077729796422,13.833277508914465,7.0,0.24898456539398864,610.5,432.5,12.652685546052803,252.0,234.51402206653177,12.240781083014689,9.754576425545485,240.5,231.24198466992942,12.249423179400392,5.470141408104922,242.0,232.2511219993919,12.25485572851682,0.9860475831348197,0.9956549732859197,1.0097433331975283
20180120-PhaeoEx-Cont-1-T0_000001_0010.tif,14835,29520,18156,0.7967227514331432,137.4354708441243,0.6111980883322347,14835,188.2386043760923,113.76105598586814,0.6093360323268701,680.9371208835975,0.8170852610707204,15.35752994513574,25.0,0.3147286821705426,406.27272727272725,685.3278035707492,18.285676082193874,200.5,178.4455618786635,13.768556463640662,16.144767857478545,184.0,163.3425840419121,13.771280835881978,16.155185502512992,191.75,170.71747371376873,13.780589640556297,0.9153636679010213,0.9568006161793277,1.0452682903324353
20180120-PhaeoEx-Cont-1-T0_000010_0005.tif,5644,8585,5672,0.5910248768600802,84.77124506862724,0.9623188405797102,5644,95.86226077012284,77.32761187941739,-0.10701609049722775,290.1837661840736,0.9950634696755994,13.775313291916625,3.0,0.5566973777462793,1565.5,1308.5,25.294810416802562,163.0,145.93221701211363,12.139644451818864,16.880260989203123,136.0,132.8570899874932,12.23941032151212,18.210730866356336,152.0,134.08534941606285,12.200367923216737,0.9104027383923381,0.9908397193733791,1.0883531843534247
20180120-PhaeoEx-Cont-1-T0_000001_0004.tif,30176,44405,32079,0.9718074982899051,196.01346000193016,0.8310887107879589,30176,415.50289191070124,97.96549008878887,-0.006450935018324775,1006.1736649163068,0.9406777019233766,16.44903047872736,170.0,0.04602995758218452,63.333333333333336,11.8133634311129,7.563061191057902,181.5,172.8111879637413,14.861178067836008,7.098400812532799,169.0,161.6458113992158,14.866026000910562,7.213761778134343,178.0,171.04456290408658,14.866977133151433,0.9353897354905738,0.9450508607505921,1.0103284490875362
20180120-PhaeoEx-Cont-1-T0_000012_0000.tif,4098,6806,4210,0.2764233538789666,72.23389546691149,0.926729986431479,4098,74.89369796167377,71.97553742576281,-0.04765915941270382,257.698484809835,0.973396674584323,13.571748773113361,14.0,0.10322108345534407,84.5,30.5,11.375976261532243,212.5,207.0585489473915,11.988360869104046,10.695190868172416,194.0,187.85642782899356,11.988927567049268,13.15159715455146,207.5,201.18069111436097,11.986679513892764,0.9072623602550371,0.9337696713757025,1.0292168090310878
